comunidad,n_plugins,categoria_dominante,pct_categoria_dominante,instalaciones_totales,pct_stale,top_plugin_por_pagerank_soc
562,98,tool,25.5,91730,45.9,local_barcode
1999,76,local,27.6,95158,18.4,enrol_wallet
2941,56,qtype,30.4,50699,35.7,atto_embedquestion
734,51,local,27.5,22524,29.4,block_eledia_coursewizard
2897,47,mod,12.8,31418,34.0,qtype_regexp
2888,42,theme,35.7,48745,61.9,block_alerts
1188,42,mod,16.7,16180,14.3,auth_coupon
843,41,block,31.7,4440,95.1,mod_peerwork
242,40,local,35.0,48638,12.5,theme_boost_union
718,39,local,12.8,26488,33.3,block_stash
611,37,block,40.5,2544,83.8,mod_mplayer
893,37,mod,21.6,28595,16.2,block_deft
2891,35,mod,22.9,25400,17.1,mod_certifygen
220,34,local,20.6,57179,64.7,tool_migratehvp2h5p
947,33,local,36.4,13938,9.1,tool_updatepluginscli
