rank_E,component,installations,SM,recency_y,releases_2y,I,p_inactividad,E_esperada,V2,rank_V2,ex_core
1,qtype_poasquestion,212.0,0,2.5828589309706693,0,0.5092514753204183,0.7300754654466863,0.37179200787396605,0.0,2597,0
2,local_aws,1859.0,1,2.3400069396912313,0,0.5809173907991196,0.5959337918993942,0.34618830347922164,0.2904586953995598,112,0
3,block_dedication,7466.0,0,2.1353246444596548,0,0.6008894321630225,0.5462313168202594,0.3282246257937857,0.0,2372,0
4,assignsubmission_estream,147.0,1,2.1261447955484574,0,0.4907004105397917,0.6235614258735869,0.30598184767294695,0.2453502052698958,206,0
5,atto_fontsize,3991.0,0,2.9744122810353133,0,0.3999056667573767,0.7591852695187442,0.30360249139927215,0.0,2390,0
6,mod_via,82.0,0,2.508409384744087,0,0.3838937239584225,0.7862472968284486,0.30183540273171633,0.0,2674,0
7,block_znanium_com,100.0,1,2.4279681598093643,0,0.3892513527965578,0.7622450588823428,0.29670492033244383,0.1946256763982789,425,0
8,local_yukaltura,49.0,1,1.6849056962506654,1,0.4357794130233303,0.6685791710227831,0.29135303870793317,0.2178897065116651,308,0
9,theme_roshnilite,590.0,1,2.4709246267143254,0,0.3077797549115708,0.9446110314321424,0.29073215174095085,0.1538898774557854,715,0
10,qtype_ordering,1211.0,1,2.9480193043830965,0,0.4481947852327688,0.631553519754475,0.28305899414935615,0.2240973926163844,286,0
11,enrol_apply,2265.0,0,2.8922419639009305,0,0.3725955173745716,0.7500822028525777,0.2794772664453145,0.0,2416,0
12,qbehaviour_regexpadaptivewithhelp,1129.0,0,1.9201233300377722,1,0.5162798515921841,0.5266244007871613,0.27188556748321857,0.0,2455,0
13,local_clickview,148.0,1,1.6066924607701474,2,0.496081256973724,0.5351757331605481,0.26549065040811903,0.248040628486862,200,0
14,qbehaviour_adaptiveexternalgrading,82.0,1,1.8056162065556316,1,0.3755761810030687,0.697171197178121,0.2618408957414961,0.1877880905015343,469,0
15,customfield_file,284.0,1,2.7385223844652318,0,0.2726060622553805,0.9547330198062655,0.2602660090345742,0.1363030311276902,915,0
16,theme_boosted,251.0,0,2.86710947600578,0,0.266671167691684,0.9672307336901242,0.2579325491804296,0.0,2584,0
17,paygw_bank,232.0,1,2.460048767967146,0,0.2628905745129756,0.9351692669402074,0.24584718585278936,0.1314452872564878,968,0
18,profilefield_file,716.0,1,2.4236064529622023,0,0.3171002149271091,0.7743233749964922,0.24553810863447217,0.1585501074635545,685,0
19,qbehaviour_regexpadaptivewithhelpnopenalty,1113.0,0,1.920120953431186,1,0.4098146813734048,0.5821097997525827,0.23855714210994117,0.0,2456,0
20,block_iprbookshop_ru,35.0,1,2.6726425330189874,0,0.2786019863084962,0.8519796395837539,0.23736321988243053,0.1393009931542481,879,0
