decil,n,p_media,tasa_observada,diferencia
1,98,0.044688432464768627,0.07142857142857142,0.026740138963802798
2,97,0.12059377764707736,0.061855670103092786,-0.05873810754398458
3,97,0.18797602336062177,0.25773195876288657,0.0697559354022648
4,98,0.250785229967156,0.19387755102040816,-0.056907678946747864
5,97,0.32238911298361894,0.28865979381443296,-0.03372931916918598
6,97,0.3896490392063565,0.38144329896907214,-0.008205740237284376
7,98,0.46936656587668296,0.3877551020408163,-0.08161146383586665
8,97,0.5595582119798895,0.5670103092783505,0.007452097298460969
9,97,0.6589609468187018,0.6597938144329897,0.0008328676142879132
10,98,0.795865594698059,0.7346938775510204,-0.06117171714703851
