variable,coef,IC95 inf,IC95 sup,odds ratio por 1 DE
age_y,0.11740646899652264,-0.09750445971183305,0.41499572364694887,1.1245764422615232
recency_y,0.4633837523363632,0.25196927180668177,0.6626975590997294,1.5894431779287415
n_versions,-0.06477156028146988,-0.5944673679362753,0.24309220635891102,0.9372815512571376
releases_2y,-0.4387206672897077,-0.8609557788289485,-0.08711851927917036,0.6448608852127679
log_installs,-0.5614094610684341,-0.793634994671151,-0.3238171210665056,0.570404534021307
installs_growth,-0.14443311482529123,-0.39427753995965115,0.035084033938077366,0.8655128004420297
type_mod,-0.0894638937430157,-0.2725909483516882,0.11444132197616619,0.9144212808580223
type_block,0.23956181745481941,0.05871825505343253,0.42539145987373717,1.2706922331577593
type_local,0.1326551158384336,-0.046396767138541364,0.3184375023807531,1.1418561223226231
type_theme,0.008075652085356044,-0.2187478017194472,0.1705628945273889,1.0081083481183242
type_qtype,-0.24967439200663588,-0.7950224507080603,-0.04946974976885476,0.779054408120542
type_format,0.08673179372313625,-0.0601719530359846,0.2102408248392196,1.0906041336144718
type_auth,-0.09893651320201834,-0.3070584237192638,0.053804704912157664,0.905800212553246
type_filter,0.13526879515617773,-0.04463010404122147,0.31387623155269395,1.14484447164559
type_report,-0.00044026971611229584,-0.23320752078575158,0.1798638592111351,0.9995598271883773
type_tool,0.11036521509933507,-0.03572440198353559,0.2803994742759338,1.1166858265200623
