T0 entrenamiento,T0 evaluación,etiqueta hasta,n entrenamiento,n evaluación,tasa entrenamiento,tasa evaluación,modelo,ROC-AUC,IC95 ROC-AUC,ΔAUC vs. base [IC95],Brier,Brier ref.,BSS,BSS (clim. entrenamiento),prob. media,intercepto calibración,pendiente calibración
2014,2017,2020,681,715,0.5565345080763583,0.45594405594405596,Línea base (años desde la última versión),0.7020202816723706,"[0,664; 0,741]",—,0.23625736818155502,0.24805907379333952,0.04757618994262869,0.08490338461197477,0.561707958408758,-0.5906410830598636,0.49350468690192617
2014,2017,2020,681,715,0.5565345080763583,0.45594405594405596,RL principal (16 variables),0.7333654012963868,"[0,697; 0,770]","0,031 [0,003; 0,061]",0.22277766511506175,0.24805907379333952,0.1019168873432943,0.13711437277088967,0.44117697652659527,0.09833971219664052,0.4951773018308969
2015,2018,2021,750,754,0.5093333333333333,0.46153846153846156,Línea base (años desde la última versión),0.7901095634448784,"[0,758; 0,821]",—,0.1830285464852612,0.2485207100591716,0.26352799152359174,0.27023582933292,0.4385282567823554,0.1289563666957154,0.9662713441875933
2015,2018,2021,750,754,0.5093333333333333,0.46153846153846156,RL principal (16 variables),0.7927566389219184,"[0,762; 0,823]","0,003 [-0,021; 0,026]",0.18701438514927235,0.2485207100591716,0.24748973594697554,0.25434365129341896,0.41555579445566215,0.29309756851067087,0.7446565086577643
2016,2019,2022,695,768,0.4776978417266187,0.3984375,Línea base (años desde la última versión),0.7591177885295533,"[0,724; 0,794]",—,0.1984615084680038,0.23968505859375,0.171990487715871,0.19313851699609386,0.47296363242209233,-0.3598658450792196,1.1601115526017938
2016,2019,2022,695,768,0.4776978417266187,0.3984375,RL principal (16 variables),0.7525393995982231,"[0,716; 0,788]","-0,006 [-0,041; 0,027]",0.19944397580375473,0.23968505859375,0.16789149488955502,0.1891442157452058,0.457609847995016,-0.3194839732266287,0.8384595410384191
2017,2020,2023,715,781,0.45594405594405596,0.39180537772087065,Línea base (años desde la última versión),0.6953078775369798,"[0,659; 0,733]",—,0.2140111249039596,0.23829392370987654,0.10190271924634287,0.11714384312793535,0.4456151046326798,-0.24688587174404655,1.0559766221052802
2017,2020,2023,715,781,0.45594405594405596,0.39180537772087065,RL principal (16 variables),0.751124871001032,"[0,714; 0,785]","0,055 [0,026; 0,084]",0.1955331175839659,0.23829392370987654,0.17944564200458613,0.1933708268256491,0.4073603213117616,-0.08113294349351166,0.9145621792462524
2018,2021,2024,754,857,0.46153846153846156,0.3838973162193699,Línea base (años desde la última versión),0.689278806300083,"[0,654; 0,726]",—,0.22110901695336957,0.23652016681893498,0.06515786823946901,0.08839186277982936,0.4547249853512693,-0.38592253268585036,0.6084344833423936
2018,2021,2024,754,857,0.46153846153846156,0.3838973162193699,RL principal (16 variables),0.7457515888366952,"[0,713; 0,780]","0,057 [0,034; 0,080]",0.19961248647513863,0.23652016681893498,0.15604453878155145,0.17701969160369635,0.4237393915924776,-0.23587924827193305,0.6800820219725816
2019,2022,2025,768,932,0.3984375,0.3830472103004292,Línea base (años desde la última versión),0.6943563512361467,"[0,659; 0,728]",—,0.21536097369626386,0.23632204498148796,0.08869706288664714,0.0896095296551338,0.3732250042075487,0.051717863910476405,0.6951574605027057
2019,2022,2025,768,932,0.3984375,0.3830472103004292,RL principal (16 variables),0.7512946047984411,"[0,720; 0,782]","0,057 [0,031; 0,081]",0.19704520516347585,0.23632204498148796,0.16620049061055142,0.16703535497114297,0.3509424443904468,0.18515440419948728,0.7712959026682188
2020,2023,2026,781,974,0.39180537772087065,0.3603696098562628,Línea base (años desde la última versión),0.7503669863220425,"[0,718; 0,782]",—,0.19284608639050915,0.23050335414830775,0.16336971709994996,0.16694118344383302,0.38299542290256733,-0.1074798000076536,1.4143112700974019
2020,2023,2026,781,974,0.39180537772087065,0.3603696098562628,RL principal (16 variables),0.7713435129165467,"[0,740; 0,801]","0,021 [-0,007; 0,051]",0.18299694518861886,0.23050335414830775,0.20609855824103496,0.20948762069497084,0.3800251545362332,-0.10889972454477671,0.9411902204719732
