variable,media 2020,media 2023,diferencia estandarizada
support_lag,11.93213828425096,7.084188911704312,-1.377232934954763
installs_growth,0.3793326060559813,0.20359292657911532,-0.32818775429457453
age_y,3.846722497669201,4.42178305047388,0.18443830495680755
n_versions,7.421254801536492,9.049281314168377,0.15029270160665786
releases_2y,2.6632522407170294,3.0985626283367558,0.11606516362020447
n_supported,5.636363636363637,6.131416837782341,0.10842739551214119
type_block,0.19206145966709348,0.15503080082135523,-0.09820855993846081
type_mod,0.16005121638924455,0.18172484599589322,0.0574048681097984
recency_y,1.0085048650100443,0.9659456390398076,-0.05156662091758169
log_installs,5.031022321423906,5.099500636159762,0.035332004269654604
type_filter,0.04225352112676056,0.03696098562628337,-0.02722474396960319
n_maintainers,1.6274007682458387,1.6529774127310062,0.02534957646043322
type_qtype,0.04481434058898848,0.049281314168377825,0.02103824730546059
type_theme,0.026888604353393086,0.023613963039014373,-0.020939473068921122
type_report,0.029449423815621,0.03285420944558522,0.01953607540134598
type_auth,0.026888604353393086,0.024640657084188913,-0.014217890411943709
type_local,0.117797695262484,0.12114989733059549,0.01032546586621541
type_format,0.02176696542893726,0.022587268993839837,0.005563358013397239
type_tool,0.06914212548015365,0.06776180698151951,-0.005467429122206295
log_indeg_dep,0.13630466862680543,0.1369333812973652,0.0016991217530122516
