component,name,plugin_type,pagerank_dep,degree_dep,installations,n_maintainers,maintainer_status,first_release_ts
block_user_preferences,Learner preferences,block,1.366860703373228,3.0,1.0,1,unico,1346233606
block_semantic_web,Navigation Web,block,0.9612404689154858,2.0,1.0,1,unico,1346233392
auth_linkedin,LinkedinAuth,auth,0.9612404689154856,1.0,27.0,1,unico,1330338191
block_linkedin,Linkedin,block,0.9612404689154856,1.0,27.0,1,unico,1330338843
filter_urlresource,Retrieve Title and Teaserimage from webpage via url,filter,0.9612404689154856,1.0,49.0,3,multiple,1425994872
assignsubmission_physical,Physical Submissions,assignsubmission,0.9612404689154856,1.0,5.0,7,multiple,1548668802
local_filterurlresbak,Backup Helper for filter_urlresource,local,0.9612404689154856,1.0,27.0,3,multiple,1425994607
local_barcode,Barcode Scanning,local,0.9612404689154856,1.0,4.0,7,multiple,1548668582
format_flexpage,Flexpage format,format,0.8543995590755167,3.0,38.0,1,unico,1341003839
