user_id,display_name,n_plugins_total,n_bus_factor_plugins,installs_en_riesgo
573,Justin Hunt,32,32,15963
67,Eduardo Kraus,40,29,40187
4183,Mary Evans,24,24,1700
669,Вадим Дворовенко,21,20,4547
5039,Ludovic LEBLEU,20,20,242
942,Astor Bizard,20,19,2216
58,Daniel Neis Araujo,20,19,3616
600,Brian Pool,16,16,1145
872,Catalyst IT,81,16,9350
862,Open LMS Development,18,15,5930
809,AMC Academic Moodle Cooperation,15,15,10199
626,Davo Smith,17,15,16991
4413,Carl LeBlond,15,15,308
697,Bas Brands,14,14,3344
4098,Itamar Tzadok,14,14,1111
146,Daniel Thies,15,13,13637
822,DaulCube Team,14,13,10132
374,Mohammad Farouk,12,12,764
740,Wiris Wiris,12,12,27078
335,Vernon Spain,12,12,130
65,Andrew Hancox,14,11,1157
553,Marcus Green,12,11,7704
27,Data Curso,11,11,1605
4087,Oleg Sychev,13,11,1089
720,Renaat,11,11,14376
658,Juan Pablo de Castro,15,11,1566
732,Adam Olley,13,10,2139
4180,John St,11,10,127
708,Gordon McLeod,10,10,58
734,Marina Glancy,10,10,7592
