component,name,installations,in_degree_dep,pagerank_dep,single_maintainer,stale,legacy_only,risk_score
mod_customcert,Custom certificate,31808.0,6.0,0.7875000000000001,1,0,0,27.93418407991373
theme_canvas,Canvas,385.0,17.0,2.2537499999999997,1,1,1,23.421490018069818
mod_hvp,Interactive Content – H5P,27383.0,3.0,0.405,0,0,0,20.325118870435467
theme_moove,Moove,27596.0,0.0,0.15000000000000002,1,0,0,17.76327267662962
mod_attendance,Attendance,23038.0,2.0,0.405,1,0,0,17.470780588652456
local_leeloolxpcontentapi,Leeloo LXP Content API Plugin,117.0,12.0,1.6799999999999997,1,1,1,16.926339839964534
format_tiles,Tiles format,22619.0,0.0,0.15000000000000002,1,0,0,14.64864674603409
local_o365,Microsoft 365 Integration,7125.0,7.0,1.47515,0,0,0,13.403321529461374
booktool_wordimport,Microsoft Word File Import/Export (Book),8282.0,6.0,0.8885118750000002,1,0,0,13.326192647007112
mod_questionnaire,Questionnaire,16857.0,1.0,0.2775,1,0,0,12.322725774124226
filter_poodll,Poodll Filter,2291.0,8.0,1.17,1,0,0,12.16699345329195
theme_base,Base,480.0,6.0,2.7478124999999998,1,1,1,11.55438675429265
block_xp,Level Up XP - Gamification 🏅,11302.0,3.0,0.6408750000000001,1,0,0,11.529336725299338
block_completion_progress,Completion Progress,17444.0,0.0,0.15000000000000002,1,0,0,11.410111646409446
aiprovider_datacurso,Datacurso AI Provider,424.0,8.0,1.1657500000000003,1,0,0,10.993792915166205
auth_oidc,OpenID Connect Authentication,10155.0,3.0,1.5568775000000001,0,0,0,10.851404400192568
qtype_wq,Wiris Quizzes Commons question type,2239.0,7.0,1.026107142857143,1,0,0,10.835881137771452
mod_dataform,Dataform,545.0,7.0,1.0425000000000002,1,1,1,10.79437886423914
filter_wiris,MathType filter by WIRIS,5183.0,4.0,1.4046910714285714,1,0,0,9.702362755673049
tool_certificate,Workplace certificate manager,9953.0,2.0,0.62175,1,0,0,9.528195789674506
block_configurable_reports,Configurable Reports,16017.0,0.0,0.15000000000000002,0,0,0,9.517089503962225
local_kopere_dashboard,Kopere Dashboard,5857.0,4.0,0.6408750000000001,1,0,1,9.257054982864904
local_zilink,ZiLink - Core,1.0,6.0,0.7996221291058725,1,1,1,9.043001230312411
mod_checklist,Checklist activity,8596.0,2.0,0.405,1,0,0,8.432920896134748
theme_academi,Academi,12450.0,0.0,0.15000000000000002,1,0,0,8.284847049786165
mod_mediagallery,Media collection,1373.0,5.0,0.7875000000000001,1,0,0,7.75262246495062
local_ai_manager,AI Manager,887.0,6.0,0.8899781250000001,0,0,0,7.700037441854894
local_mailtest,Moodle eMail Test,11110.0,0.0,0.15000000000000002,1,0,0,7.446269845245678
tool_opencast,Opencast API,327.0,6.0,0.8416875000000001,0,0,0,7.294766763911012
local_mr,Open LMS Framework,301.0,5.0,0.8548869407364035,1,0,0,7.158259731531097
