user_id,display_name,n_plugins,valor_antes,valor_despues,rango_antes,rango_despues,delta_rango
878,Mathew May 🇳🇿,4,1.2968954785036133,1.0179582380114893,78,143,-65
950,Mikel Corrales,1,0.5959720513882719,0.47788407088765866,559,591,-32
595,Ferran Ferran,2,0.5959720513882719,0.47788407088765866,558,590,-32
635,Andrew Lyons,5,1.1250210514166705,1.0105917297460103,118,145,-27
637,Gavin Henrick (Brickfield),2,0.7268594638415824,0.7593749844784332,510,494,16
40,Sara Arjona,6,2.0005934252711226,1.7837894223895725,22,33,-11
742,Karen Holland,2,0.5365646999879923,0.5456151065654741,576,567,9
649,Mathieu Petit-Clair,1,0.34029476385359025,0.36375987791295944,623,616,7
4449,Aaron Leggett,1,0.649341693757748,0.6686606607969505,538,531,7
4439,Chris Clark,2,0.8169911453767235,0.8432266293750094,484,478,6
