rango,user_id_antes,valor_antes,user_id_despues,valor_despues,entra_al_top20_despues_no_estaba_antes
1,872,8.94480494513071,872,8.944804945130707,False
2,605,4.900659843623304,605,4.935403741255402,False
3,790,3.250020817815039,790,3.25002081781504,False
4,558,3.2429249966447737,558,3.242924996644774,False
5,836,3.218134502537734,836,3.218134502537734,False
6,731,3.184002362244347,731,3.184002362244347,False
7,617,3.0134322333507075,617,3.030899996485688,False
8,194,2.8746880847419827,194,2.874688084741983,False
9,614,2.7026207567919425,614,2.7026207567919416,False
10,954,2.6449835811012763,954,2.660372548453296,False
11,630,2.644933091346743,630,2.6449330913467426,False
12,4823,2.3796866915359853,4823,2.3796866915359853,False
13,1162,2.375859607241649,814,2.378094165027613,False
14,814,2.317939980695089,1162,2.3758596072416496,False
15,55,2.3147564627786745,55,2.3147564627786745,False
16,67,2.286193547690884,67,2.286193547690884,False
17,1019,2.245887630924908,1019,2.245887630924908,False
18,745,2.154046133212706,745,2.1540461332127054,False
19,471,2.151867492260149,471,2.151867492260149,False
20,214,2.08971702171188,861,2.091308805020216,True
