component,name,installations,valor_antes,valor_despues,rango_antes,rango_despues,delta_rango
enrol_oneroster,One Roster,22.0,1.3539618276065073,0.5015198426381499,103,2252,-2149
tool_policy,Policies,8.0,1.3760705465041616,0.5596086331596343,95,2236,-2141
mod_moodlenet,MoodleNet,15.0,1.3280138867199431,0.6107165415443782,126,2214,-2088
tool_moodlenet,MoodleNet,142.0,1.3280138867199431,0.6107165415443782,127,2215,-2088
block_quiz_results,Quiz results,662.0,1.172951283198808,0.316291752005083,338,2317,-1979
tool_dataprivacy,Data privacy,7.0,1.2249003885933827,0.9612404689154856,239,1575,-1336
mod_geogebra,GeoGebra,3031.0,0.9047768256656187,1.0429076803525972,1836,634,1202
mod_jclic,JClic,1046.0,0.9047768256656187,1.0429076803525972,1837,635,1202
mod_threesixo,360° feedback,1064.0,0.22957294459521047,0.9612404689154856,2343,1451,892
filter_ws,WebService Filter for Moodle Mobile app,75.0,0.9532564633960178,0.9738279548460458,1670,944,726
