component,louvain_soc_original_comunidad,louvain_soc_excl_hq_comunidad,desaparece_de_g_soc_excl_hq
local_hub,220,,True
block_configurable_reports,220,1029.0,False
mod_geogebra,220,1029.0,False
mod_jclic,220,1029.0,False
local_moodlemobileapp,220,1029.0,False
block_enrolmenttimer,220,1814.0,False
local_resetpassword,220,1814.0,False
local_compatability_test,220,1814.0,False
availability_mobileapp,220,1029.0,False
mod_hvp,220,1029.0,False
block_lw_courses,220,1814.0,False
local_pages,220,1814.0,False
block_advnotifications,220,1814.0,False
mod_threesixo,220,1850.0,False
tool_dataprivacy,220,1850.0,False
tool_policy,220,1029.0,False
local_ws_enrolcohort,220,1814.0,False
filter_ws,220,1029.0,False
atto_filterws,220,1029.0,False
filter_applink,220,1029.0,False
atto_applink,220,1029.0,False
tool_navdb,220,1029.0,False
tool_moodlenet,220,1814.0,False
mod_moodlenet,220,1814.0,False
tool_migratehvp2h5p,220,1029.0,False
enrol_oneroster,220,1616.0,False
filter_censor,220,,True
block_quiz_results,220,720.0,False
repository_boxnet,220,,True
portfolio_boxnet,220,,True
message_jabber,220,,True
webservice_xmlrpc,220,,True
tiny_filterws,220,1029.0,False
local_moodleappbehat,220,1029.0,False
mod_h5pactivity,220,1029.0,False
