rango,component_antes,valor_antes,component_despues,valor_despues,entra_al_top20_despues_no_estaba_antes
1,theme_boost_union,2.1492813717517927,theme_boost_union,2.1492960048116645,False
2,mod_certifygen,2.1228085805748815,mod_certifygen,2.1228110642714815,False
3,assignsubmission_physical,2.014885578251679,assignsubmission_physical,2.0148874339141254,False
4,local_barcode,2.014885578251679,local_barcode,2.0148874339141254,False
5,block_eledia_coursewizard,1.9357463858952308,block_eledia_coursewizard,1.935988940989373,False
6,assignsubmission_mahara,1.879974344921064,block_enrolmenttimer,1.9164261338542121,True
7,local_coursetransfer,1.8675605533386466,assignsubmission_mahara,1.8799760498872564,False
8,mod_kuet,1.8675605533386466,mod_kuet,1.8675629387747192,False
9,filter_multilang2,1.8445425214324183,local_coursetransfer,1.8675629387747192,False
10,tool_migratehvp2h5p,1.8303021993306496,filter_multilang2,1.8445425214324183,False
11,mod_customcert,1.8086716758787549,mod_customcert,1.8093080356555273,False
12,theme_canvas,1.7997323960540237,theme_canvas,1.799732396648826,False
13,qtype_multichoiceset,1.79416739656827,qtype_multichoiceset,1.7942231733243599,False
14,block_deft,1.7853463927304576,block_deft,1.7853834600382263,False
15,booktool_wordimport,1.7024855601664464,booktool_wordimport,1.7024967153765034,False
16,tiny_cursive,1.6962294367962572,tiny_cursive,1.6967614447357047,False
17,mod_lightboxgallery,1.6655480592832346,block_lw_courses,1.6807417602130352,True
18,report_componentgrades,1.63620723785174,mod_lightboxgallery,1.6655480592832344,False
19,local_notificationsagent,1.632202752587907,report_componentgrades,1.6362072379604882,False
20,mod_peerwork,1.6095253861619976,local_notificationsagent,1.632204952905508,False
