user_id,display_name,n_plugins,score
872,Catalyst IT,81,8.94480494513071
605,Tim Hunt,48,4.900659843623304
790,Enovation Dev Team,23,3.250020817815039
558,Brendan Heywood,20,3.2429249966447737
836,Learnweb – University of Münster,23,3.218134502537734
731,Alexander Bias,31,3.184002362244347
617,Mahmoud Kassaei,29,3.0134322333507075
194,Luuk Verhoeven (Ldesign Media),13,2.8746880847419827
614,Nicolas Dunand,18,2.7026207567919425
954,Hieu Vu Van,26,2.6449835811012763
630,Jez H,15,2.644933091346743
4823,Manoj Solanki,12,2.3796866915359853
1162,oncampus GmbH,8,2.375859607241649
814,Adam Jenkins,17,2.317939980695089
55,Dan Marsden,24,2.3147564627786745
67,Eduardo Kraus,40,2.286193547690884
1019,Moodle an Hochschulen e.V.,26,2.245887630924908
745,Thomas Niedermaier,15,2.154046133212706
471,Charles Fulton,20,2.151867492260149
214,Stefan-Alexander Scholz,19,2.08971702171188
