id,system,etiqueta,causa,ingles
C01,baseline,parcial,compatibilidad,True
C01,graphrag,parcial,compatibilidad,True
C01,t2c,parcial,direccion_relacion,True
C01,vecrel,parcial,compatibilidad,True
C02,t2c,parcial,direccion_relacion,True
C03,baseline,abstencion_incorrecta,compatibilidad,True
C03,graphrag,incorrecta,compatibilidad,True
C03,t2c,abstencion_incorrecta,consulta_vacia,True
C03,vecrel,parcial,compatibilidad,True
C04,baseline,abstencion_incorrecta,compatibilidad,False
C04,graphrag,abstencion_incorrecta,compatibilidad,False
C04,t2c,parcial,otra,False
C04,vecrel,abstencion_incorrecta,compatibilidad,False
C05,baseline,parcial,otra,True
C05,graphrag,parcial,idioma_enrutado,True
C05,t2c,parcial,otra,True
C05,vecrel,parcial,otra,True
C07,t2c,parcial,otra,True
C09,baseline,parcial,compatibilidad,True
C09,graphrag,abstencion_incorrecta,compatibilidad,True
C09,vecrel,abstencion_incorrecta,compatibilidad,True
C10,baseline,abstencion_incorrecta,compatibilidad,True
C10,graphrag,abstencion_incorrecta,compatibilidad,True
C10,vecrel,abstencion_incorrecta,compatibilidad,True
C11,graphrag,abstencion_incorrecta,idioma_enrutado,True
C11,vecrel,abstencion_incorrecta,otra,True
C12,baseline,abstencion_incorrecta,compatibilidad,True
C12,graphrag,abstencion_incorrecta,compatibilidad,True
C12,vecrel,abstencion_incorrecta,compatibilidad,True
C13,baseline,abstencion_incorrecta,compatibilidad,True
C13,graphrag,abstencion_incorrecta,compatibilidad,True
C13,t2c,abstencion_incorrecta,consulta_vacia,True
C13,vecrel,parcial,compatibilidad,True
C14,baseline,incorrecta,compatibilidad,True
C14,graphrag,abstencion_incorrecta,compatibilidad,True
C14,vecrel,parcial,compatibilidad,True
C15,baseline,abstencion_incorrecta,compatibilidad,True
C15,graphrag,abstencion_incorrecta,compatibilidad,True
C15,vecrel,parcial,compatibilidad,True
C16,baseline,abstencion_incorrecta,compatibilidad,True
C16,graphrag,abstencion_incorrecta,compatibilidad,True
C16,t2c,abstencion_incorrecta,consulta_vacia,True
C16,vecrel,abstencion_incorrecta,compatibilidad,True
C17,baseline,abstencion_incorrecta,compatibilidad,True
C17,graphrag,abstencion_incorrecta,compatibilidad,True
C17,vecrel,abstencion_incorrecta,compatibilidad,True
C18,baseline,abstencion_incorrecta,compatibilidad,True
C18,graphrag,abstencion_incorrecta,compatibilidad,True
C18,vecrel,abstencion_incorrecta,compatibilidad,True
C19,baseline,parcial,compatibilidad,True
C19,t2c,abstencion_incorrecta,consulta_vacia,True
N05,baseline,parcial,otra,True
N05,graphrag,parcial,idioma_enrutado,True
N05,vecrel,parcial,otra,True
P01,baseline,incorrecta,compatibilidad,True
P01,graphrag,parcial,compatibilidad,True
P01,t2c,abstencion_incorrecta,direccion_relacion,True
P01,vecrel,parcial,compatibilidad,True
P02,baseline,abstencion_incorrecta,plugin_ausente,True
P02,graphrag,abstencion_incorrecta,plugin_ausente,True
P02,t2c,abstencion_incorrecta,plugin_ausente,True
P02,vecrel,abstencion_incorrecta,plugin_ausente,True
P03,baseline,abstencion_incorrecta,compatibilidad,True
P03,graphrag,parcial,compatibilidad,True
P03,vecrel,parcial,compatibilidad,True
P04,t2c,parcial,direccion_relacion,True
P06,t2c,incorrecta,otra,True
P08,t2c,incorrecta,direccion_relacion,False
