id,letra,etiqueta,nota
C01,A,correcta,
C01,B,incorrecta,
C01,C,parcial,
C01,D,parcial,
C02,A,abstencion_correcta,
C02,B,parcial,
C02,C,correcta,
C02,D,incorrecta,
C04,A,parcial,
C04,B,parcial,
C04,C,abstencion_incorrecta,
C04,D,abstencion_incorrecta,
C05,A,correcta,
C05,B,correcta,
C05,C,correcta,
C05,D,correcta,
C06,A,correcta,
C06,B,correcta,
C06,C,correcta,
C06,D,correcta,
C07,A,correcta,
C07,B,correcta,
C07,C,correcta,
C07,D,incorrecta,
C11,A,incorrecta,
C11,B,incorrecta,
C11,C,correcta,
C11,D,correcta,
C12,A,incorrecta,
C12,B,incorrecta,
C12,C,correcta,
C12,D,correcta,
C14,A,parcial,
C14,B,parcial,
C14,C,correcta,
C14,D,parcial,
C17,A,incorrecta,
C17,B,incorrecta,
C17,C,correcta,
C17,D,incorrecta,
N01,A,correcta,
N01,B,correcta,
N01,C,correcta,
N01,D,correcta,
N02,A,correcta,
N02,B,correcta,
N02,C,correcta,
N02,D,correcta,
N04,A,correcta,
N04,B,correcta,
N04,C,correcta,
N04,D,correcta,
P04,A,correcta,
P04,B,correcta,
P04,C,correcta,
P04,D,correcta,
P07,A,correcta,
P07,B,correcta,
P07,C,correcta,
P07,D,correcta,
