id,letra,etiqueta,nota,system,clase,respondible
C01,A,parcial,Confirma mantenimiento (release 2025); no responde soporte 3.9+,graphrag,C,si
C01,B,parcial,Acierta soporte 3.9+; afirma falsamente que no hay mantenedores listados,t2c,C,si
C01,C,parcial,Confirma mantenimiento; no responde soporte 3.9+,baseline,C,si
C01,D,parcial,Confirma mantenimiento; no responde soporte 3.9+,vecrel,C,si
C02,A,correcta,Núcleo correcto; añade una lista irrelevante de 'exposición' de otros plugins,graphrag,C,si
C02,B,correcta,,baseline,C,si
C02,C,correcta,,vecrel,C,si
C02,D,parcial,Conclusión correcta con justificación falsa (dice que no tiene mantenedores),t2c,C,si
C03,A,incorrecta,Afirma que local_mr no es dependencia de otros plugins,graphrag,C,si
C03,B,abstencion_incorrecta,Solo dice (con acierto) que ILP no requiere local_mr; no da versiones ni dependientes,baseline,C,si
C03,C,abstencion_incorrecta,,t2c,C,si
C03,D,parcial,Nombra un dependiente (plagiarism_safeassign); no da versiones,vecrel,C,si
C04,A,abstencion_incorrecta,,baseline,C,parcial
C04,B,abstencion_incorrecta,,vecrel,C,parcial
C04,C,abstencion_incorrecta,,graphrag,C,parcial
C04,D,parcial,Inventa una lista de 'instalados' pero con datos de soporte 4.0 correctos; sin método ni recuento,t2c,C,parcial
C05,A,parcial,Listado parcial (orden alfabético) con categorías correctas,t2c,C,si
C05,B,parcial,Listado parcial con categoría correcta,graphrag,C,si
C05,C,parcial,Listado parcial con categoría correcta,baseline,C,si
C05,D,parcial,Listado parcial con categoría correcta,vecrel,C,si
C06,A,abstencion_correcta,,graphrag,C,no
C06,B,abstencion_correcta,,t2c,C,no
C06,C,abstencion_correcta,,baseline,C,no
C06,D,abstencion_correcta,,vecrel,C,no
C07,A,correcta,,graphrag,C,si
C07,B,correcta,,baseline,C,si
C07,C,correcta,,vecrel,C,si
C07,D,parcial,Da los hechos (última versión 2023 como timestamp; máximo 4.1) pero dice que no puede inferir abandono,t2c,C,si
C08,A,abstencion_correcta,,t2c,C,no
C08,B,abstencion_correcta,,baseline,C,no
C08,C,abstencion_correcta,,graphrag,C,no
C08,D,abstencion_correcta,,vecrel,C,no
C09,A,abstencion_incorrecta,,graphrag,C,si
C09,B,abstencion_incorrecta,,vecrel,C,si
C09,C,correcta,,t2c,C,si
C09,D,parcial,Acierta la conclusión pero la infiere de la fecha de release ('es probable'),baseline,C,si
C10,A,abstencion_incorrecta,,graphrag,C,si
C10,B,abstencion_incorrecta,,vecrel,C,si
C10,C,abstencion_incorrecta,,baseline,C,si
C10,D,correcta,,t2c,C,si
C11,A,abstencion_incorrecta,,graphrag,C,si
C11,B,abstencion_incorrecta,,vecrel,C,si
C11,C,correcta,,t2c,C,si
C11,D,correcta,,baseline,C,si
C12,A,abstencion_incorrecta,,baseline,C,si
C12,B,abstencion_incorrecta,,vecrel,C,si
C12,C,abstencion_incorrecta,,graphrag,C,si
C12,D,correcta,,t2c,C,si
C13,A,abstencion_incorrecta,,baseline,C,si
C13,B,abstencion_incorrecta,,t2c,C,si
C13,C,parcial,Infiere posible incompatibilidad por falta de releases; no da el máximo declarado (4.2),vecrel,C,si
C13,D,abstencion_incorrecta,,graphrag,C,si
C14,A,abstencion_incorrecta,Además repite una afirmación confusa sobre incompatibilidad con 4.2+,graphrag,C,si
C14,B,parcial,Responde por 4.2+ (cierto) pero no por 4.0,vecrel,C,si
C14,C,correcta,,t2c,C,si
C14,D,incorrecta,Afirma que format_buttons no es compatible con 4.2 y anteriores (declara 4.0),baseline,C,si
C15,A,abstencion_incorrecta,,graphrag,C,si
C15,B,correcta,,t2c,C,si
C15,C,abstencion_incorrecta,,baseline,C,si
C15,D,parcial,Acierta la conclusión pero la infiere de la fecha de release,vecrel,C,si
C16,A,abstencion_incorrecta,,vecrel,C,si
C16,B,abstencion_incorrecta,,graphrag,C,si
C16,C,abstencion_incorrecta,,baseline,C,si
C16,D,abstencion_incorrecta,,t2c,C,si
C17,A,abstencion_incorrecta,,baseline,C,si
C17,B,abstencion_incorrecta,,graphrag,C,si
C17,C,correcta,,t2c,C,si
C17,D,abstencion_incorrecta,,vecrel,C,si
C18,A,abstencion_incorrecta,,baseline,C,si
C18,B,abstencion_incorrecta,,vecrel,C,si
C18,C,abstencion_incorrecta,,graphrag,C,si
C18,D,correcta,,t2c,C,si
C19,A,correcta,Por la cláusula del criterio: no hay release desde 2020 que cubra 4.4,vecrel,C,si
C19,B,correcta,Por la cláusula del criterio; añade una lista larga de alternativas no pedida,graphrag,C,si
C19,C,abstencion_incorrecta,,t2c,C,si
C19,D,parcial,Da la fecha 2020 pero dice que no puede concluir,baseline,C,si
P01,A,incorrecta,Afirma como hecho que no es viable ejecutarlos,baseline,P,parcial
P01,B,parcial,Reconoce que la viabilidad no se puede evaluar; no responde lo de 3.6,vecrel,P,parcial
P01,C,abstencion_incorrecta,,t2c,P,parcial
P01,D,parcial,Reconoce que la viabilidad no se puede evaluar; no responde lo de 3.6,graphrag,P,parcial
P02,A,abstencion_incorrecta,Detecta que theme_essential no está pero no recomienda temas,baseline,P,parcial
P02,B,abstencion_incorrecta,Detecta que theme_essential no está pero no recomienda temas,vecrel,P,parcial
P02,C,abstencion_incorrecta,,t2c,P,parcial
P02,D,abstencion_incorrecta,Detecta que theme_essential no está pero no recomienda temas,graphrag,P,parcial
P03,A,abstencion_incorrecta,,baseline,P,parcial
P03,B,parcial,Los 3 dependientes; sin versión de local_aws,graphrag,P,parcial
P03,C,parcial,1 de 3 dependientes; sin versión,vecrel,P,parcial
P03,D,correcta,,t2c,P,parcial
P04,A,correcta,,vecrel,P,parcial
P04,B,correcta,,baseline,P,parcial
P04,C,correcta,,graphrag,P,parcial
P04,D,parcial,Instalaciones correctas; afirma falsamente que no hay mantenedores listados,t2c,P,parcial
P05,A,abstencion_correcta,,t2c,P,no
P05,B,abstencion_correcta,,baseline,P,no
P05,C,abstencion_correcta,,vecrel,P,no
P05,D,abstencion_correcta,,graphrag,P,no
P06,A,incorrecta,Niega que exista equivalente y lista plugins tinymce_ antiguos,t2c,P,si
P06,B,correcta,,vecrel,P,si
P06,C,correcta,,graphrag,P,si
P06,D,correcta,,baseline,P,si
P07,A,correcta,,baseline,P,parcial
P07,B,correcta,,t2c,P,parcial
P07,C,correcta,,vecrel,P,parcial
P07,D,correcta,,graphrag,P,parcial
P08,A,correcta,,vecrel,P,si
P08,B,correcta,,graphrag,P,si
P08,C,incorrecta,Dice que no hay mantenedores y da fecha errónea (27-07 en vez de 29-07),t2c,P,si
P08,D,correcta,,baseline,P,si
N01,A,abstencion_correcta,,baseline,N,no
N01,B,abstencion_correcta,Añade datos laterales correctos (instalaciones) y alternativas,vecrel,N,no
N01,C,abstencion_correcta,,t2c,N,no
N01,D,abstencion_correcta,,graphrag,N,no
N02,A,abstencion_correcta,,baseline,N,no
N02,B,abstencion_correcta,,t2c,N,no
N02,C,abstencion_correcta,,vecrel,N,no
N02,D,abstencion_correcta,,graphrag,N,no
N03,A,abstencion_correcta,,vecrel,N,no
N03,B,abstencion_correcta,,baseline,N,no
N03,C,abstencion_correcta,,t2c,N,no
N03,D,abstencion_correcta,,graphrag,N,no
N04,A,abstencion_correcta,,baseline,N,no
N04,B,abstencion_correcta,,t2c,N,no
N04,C,abstencion_correcta,,graphrag,N,no
N04,D,abstencion_correcta,,vecrel,N,no
N05,A,parcial,Presenta 5 plugins como compatibles con Workplace sin salvedad,baseline,N,no
N05,B,parcial,Presenta 5 plugins como compatibles con Workplace sin salvedad,graphrag,N,no
N05,C,parcial,Dice que 'mencionan' compatibilidad; salvedad débil,vecrel,N,no
N05,D,abstencion_correcta,,t2c,N,no
N06,A,abstencion_correcta,,t2c,N,no
N06,B,abstencion_correcta,,graphrag,N,no
N06,C,abstencion_correcta,,baseline,N,no
N06,D,abstencion_correcta,,vecrel,N,no
